料理名,満腹,肉,スタミナ,ヘルシー,コッテリ,血圧注意
小ラーメン, , , , , , 
小カラメラーメン, , , , , ,血圧注意
小アブララーメン, , , , ,コッテリ, 
小アブラカラメラーメン, , , , ,コッテリ,血圧注意
小アブラマシラーメン, , , , ,コッテリ, 
小アブラマシカラメラーメン, , , , ,コッテリ,血圧注意
小アブラマシマシラーメン, , , , ,コッテリ, 
小アブラマシマシカラメラーメン, , , , ,コッテリ,血圧注意
小ヤサイラーメン, , , ,ヘルシー, , 
小ヤサイカラメラーメン, , , ,ヘルシー, ,血圧注意
小ヤサイアブララーメン, , , ,ヘルシー,コッテリ, 
小ヤサイアブラカラメラーメン, , , ,ヘルシー,コッテリ,血圧注意
小ヤサイアブラマシラーメン, , , ,ヘルシー,コッテリ, 
小ヤサイアブラマシカラメラーメン, , , ,ヘルシー,コッテリ,血圧注意
小ヤサイアブラマシマシラーメン, , , ,ヘルシー,コッテリ, 
小ヤサイアブラマシマシカラメラーメン, , , ,ヘルシー,コッテリ,血圧注意
小ヤサイマシラーメン, , , ,ヘルシー, , 
小ヤサイマシカラメラーメン, , , ,ヘルシー, ,血圧注意
小ヤサイマシアブララーメン, , , ,ヘルシー,コッテリ, 
小ヤサイマシアブラカラメラーメン, , , ,ヘルシー,コッテリ,血圧注意
小ヤサイマシアブラマシラーメン, , , ,ヘルシー,コッテリ, 
小ヤサイマシアブラマシカラメラーメン, , , ,ヘルシー,コッテリ,血圧注意
小ヤサイマシアブラマシマシラーメン, , , ,ヘルシー,コッテリ, 
小ヤサイマシアブラマシマシカラメラーメン, , , ,ヘルシー,コッテリ,血圧注意
小ヤサイマシマシラーメン, , , ,ヘルシー, , 
小ヤサイマシマシカラメラーメン, , , ,ヘルシー, ,血圧注意
小ヤサイマシマシアブララーメン, , , ,ヘルシー,コッテリ, 
小ヤサイマシマシアブラカラメラーメン, , , ,ヘルシー,コッテリ,血圧注意
小ヤサイマシマシアブラマシラーメン, , , ,ヘルシー,コッテリ, 
小ヤサイマシマシアブラマシカラメラーメン, , , ,ヘルシー,コッテリ,血圧注意
小ヤサイマシマシアブラマシマシラーメン, , , ,ヘルシー,コッテリ, 
小ヤサイマシマシアブラマシマシカラメラーメン, , , ,ヘルシー,コッテリ,血圧注意
小ニンニクラーメン, , ,スタミナ, , , 
小ニンニクカラメラーメン, , ,スタミナ, , ,血圧注意
小ニンニクアブララーメン, , ,スタミナ, ,コッテリ, 
小ニンニクアブラカラメラーメン, , ,スタミナ, ,コッテリ,血圧注意
小ニンニクアブラマシラーメン, , ,スタミナ, ,コッテリ, 
小ニンニクアブラマシカラメラーメン, , ,スタミナ, ,コッテリ,血圧注意
小ニンニクアブラマシマシラーメン, , ,スタミナ, ,コッテリ, 
小ニンニクアブラマシマシカラメラーメン, , ,スタミナ, ,コッテリ,血圧注意
小ニンニクヤサイラーメン, , ,スタミナ,ヘルシー, , 
小ニンニクヤサイカラメラーメン, , ,スタミナ,ヘルシー, ,血圧注意
小ニンニクヤサイアブララーメン, , ,スタミナ,ヘルシー,コッテリ, 
小ニンニクヤサイアブラカラメラーメン, , ,スタミナ,ヘルシー,コッテリ,血圧注意
小ニンニクヤサイアブラマシラーメン, , ,スタミナ,ヘルシー,コッテリ, 
小ニンニクヤサイアブラマシカラメラーメン, , ,スタミナ,ヘルシー,コッテリ,血圧注意
小ニンニクヤサイアブラマシマシラーメン, , ,スタミナ,ヘルシー,コッテリ, 
小ニンニクヤサイアブラマシマシカラメラーメン, , ,スタミナ,ヘルシー,コッテリ,血圧注意
小ニンニクヤサイマシラーメン, , ,スタミナ,ヘルシー, , 
小ニンニクヤサイマシカラメラーメン, , ,スタミナ,ヘルシー, ,血圧注意
小ニンニクヤサイマシアブララーメン, , ,スタミナ,ヘルシー,コッテリ, 
小ニンニクヤサイマシアブラカラメラーメン, , ,スタミナ,ヘルシー,コッテリ,血圧注意
小ニンニクヤサイマシアブラマシラーメン, , ,スタミナ,ヘルシー,コッテリ, 
小ニンニクヤサイマシアブラマシカラメラーメン, , ,スタミナ,ヘルシー,コッテリ,血圧注意
小ニンニクヤサイマシアブラマシマシラーメン, , ,スタミナ,ヘルシー,コッテリ, 
小ニンニクヤサイマシアブラマシマシカラメラーメン, , ,スタミナ,ヘルシー,コッテリ,血圧注意
小ニンニクヤサイマシマシラーメン, , ,スタミナ,ヘルシー, , 
小ニンニクヤサイマシマシカラメラーメン, , ,スタミナ,ヘルシー, ,血圧注意
小ニンニクヤサイマシマシアブララーメン, , ,スタミナ,ヘルシー,コッテリ, 
小ニンニクヤサイマシマシアブラカラメラーメン, , ,スタミナ,ヘルシー,コッテリ,血圧注意
小ニンニクヤサイマシマシアブラマシラーメン, , ,スタミナ,ヘルシー,コッテリ, 
小ニンニクヤサイマシマシアブラマシカラメラーメン, , ,スタミナ,ヘルシー,コッテリ,血圧注意
小ニンニクヤサイマシマシアブラマシマシラーメン, , ,スタミナ,ヘルシー,コッテリ, 
小ニンニクヤサイマシマシアブラマシマシカラメラーメン, , ,スタミナ,ヘルシー,コッテリ,血圧注意
小ニンニクマシラーメン, , ,スタミナ, , , 
小ニンニクマシカラメラーメン, , ,スタミナ, , ,血圧注意
小ニンニクマシアブララーメン, , ,スタミナ, ,コッテリ, 
小ニンニクマシアブラカラメラーメン, , ,スタミナ, ,コッテリ,血圧注意
小ニンニクマシアブラマシラーメン, , ,スタミナ, ,コッテリ, 
小ニンニクマシアブラマシカラメラーメン, , ,スタミナ, ,コッテリ,血圧注意
小ニンニクマシアブラマシマシラーメン, , ,スタミナ, ,コッテリ, 
小ニンニクマシアブラマシマシカラメラーメン, , ,スタミナ, ,コッテリ,血圧注意
小ニンニクマシヤサイラーメン, , ,スタミナ,ヘルシー, , 
小ニンニクマシヤサイカラメラーメン, , ,スタミナ,ヘルシー, ,血圧注意
小ニンニクマシヤサイアブララーメン, , ,スタミナ,ヘルシー,コッテリ, 
小ニンニクマシヤサイアブラカラメラーメン, , ,スタミナ,ヘルシー,コッテリ,血圧注意
小ニンニクマシヤサイアブラマシラーメン, , ,スタミナ,ヘルシー,コッテリ, 
小ニンニクマシヤサイアブラマシカラメラーメン, , ,スタミナ,ヘルシー,コッテリ,血圧注意
小ニンニクマシヤサイアブラマシマシラーメン, , ,スタミナ,ヘルシー,コッテリ, 
小ニンニクマシヤサイアブラマシマシカラメラーメン, , ,スタミナ,ヘルシー,コッテリ,血圧注意
小ニンニクマシヤサイマシラーメン, , ,スタミナ,ヘルシー, , 
小ニンニクマシヤサイマシカラメラーメン, , ,スタミナ,ヘルシー, ,血圧注意
小ニンニクマシヤサイマシアブララーメン, , ,スタミナ,ヘルシー,コッテリ, 
小ニンニクマシヤサイマシアブラカラメラーメン, , ,スタミナ,ヘルシー,コッテリ,血圧注意
小ニンニクマシヤサイマシアブラマシラーメン, , ,スタミナ,ヘルシー,コッテリ, 
小ニンニクマシヤサイマシアブラマシカラメラーメン, , ,スタミナ,ヘルシー,コッテリ,血圧注意
小ニンニクマシヤサイマシアブラマシマシラーメン, , ,スタミナ,ヘルシー,コッテリ, 
小ニンニクマシヤサイマシアブラマシマシカラメラーメン, , ,スタミナ,ヘルシー,コッテリ,血圧注意
小ニンニクマシヤサイマシマシラーメン, , ,スタミナ,ヘルシー, , 
小ニンニクマシヤサイマシマシカラメラーメン, , ,スタミナ,ヘルシー, ,血圧注意
小ニンニクマシヤサイマシマシアブララーメン, , ,スタミナ,ヘルシー,コッテリ, 
小ニンニクマシヤサイマシマシアブラカラメラーメン, , ,スタミナ,ヘルシー,コッテリ,血圧注意
小ニンニクマシヤサイマシマシアブラマシラーメン, , ,スタミナ,ヘルシー,コッテリ, 
小ニンニクマシヤサイマシマシアブラマシカラメラーメン, , ,スタミナ,ヘルシー,コッテリ,血圧注意
小ニンニクマシヤサイマシマシアブラマシマシラーメン, , ,スタミナ,ヘルシー,コッテリ, 
小ニンニクマシヤサイマシマシアブラマシマシカラメラーメン, , ,スタミナ,ヘルシー,コッテリ,血圧注意
小ニンニクマシマシラーメン, , ,スタミナ, , , 
小ニンニクマシマシカラメラーメン, , ,スタミナ, , ,血圧注意
小ニンニクマシマシアブララーメン, , ,スタミナ, ,コッテリ, 
小ニンニクマシマシアブラカラメラーメン, , ,スタミナ, ,コッテリ,血圧注意
小ニンニクマシマシアブラマシラーメン, , ,スタミナ, ,コッテリ, 
小ニンニクマシマシアブラマシカラメラーメン, , ,スタミナ, ,コッテリ,血圧注意
小ニンニクマシマシアブラマシマシラーメン, , ,スタミナ, ,コッテリ, 
小ニンニクマシマシアブラマシマシカラメラーメン, , ,スタミナ, ,コッテリ,血圧注意
小ニンニクマシマシヤサイラーメン, , ,スタミナ,ヘルシー, , 
小ニンニクマシマシヤサイカラメラーメン, , ,スタミナ,ヘルシー, ,血圧注意
小ニンニクマシマシヤサイアブララーメン, , ,スタミナ,ヘルシー,コッテリ, 
小ニンニクマシマシヤサイアブラカラメラーメン, , ,スタミナ,ヘルシー,コッテリ,血圧注意
小ニンニクマシマシヤサイアブラマシラーメン, , ,スタミナ,ヘルシー,コッテリ, 
小ニンニクマシマシヤサイアブラマシカラメラーメン, , ,スタミナ,ヘルシー,コッテリ,血圧注意
小ニンニクマシマシヤサイアブラマシマシラーメン, , ,スタミナ,ヘルシー,コッテリ, 
小ニンニクマシマシヤサイアブラマシマシカラメラーメン, , ,スタミナ,ヘルシー,コッテリ,血圧注意
小ニンニクマシマシヤサイマシラーメン, , ,スタミナ,ヘルシー, , 
小ニンニクマシマシヤサイマシカラメラーメン, , ,スタミナ,ヘルシー, ,血圧注意
小ニンニクマシマシヤサイマシアブララーメン, , ,スタミナ,ヘルシー,コッテリ, 
小ニンニクマシマシヤサイマシアブラカラメラーメン, , ,スタミナ,ヘルシー,コッテリ,血圧注意
小ニンニクマシマシヤサイマシアブラマシラーメン, , ,スタミナ,ヘルシー,コッテリ, 
小ニンニクマシマシヤサイマシアブラマシカラメラーメン, , ,スタミナ,ヘルシー,コッテリ,血圧注意
小ニンニクマシマシヤサイマシアブラマシマシラーメン, , ,スタミナ,ヘルシー,コッテリ, 
小ニンニクマシマシヤサイマシアブラマシマシカラメラーメン, , ,スタミナ,ヘルシー,コッテリ,血圧注意
小ニンニクマシマシヤサイマシマシラーメン, , ,スタミナ,ヘルシー, , 
小ニンニクマシマシヤサイマシマシカラメラーメン, , ,スタミナ,ヘルシー, ,血圧注意
小ニンニクマシマシヤサイマシマシアブララーメン, , ,スタミナ,ヘルシー,コッテリ, 
小ニンニクマシマシヤサイマシマシアブラカラメラーメン, , ,スタミナ,ヘルシー,コッテリ,血圧注意
小ニンニクマシマシヤサイマシマシアブラマシラーメン, , ,スタミナ,ヘルシー,コッテリ, 
小ニンニクマシマシヤサイマシマシアブラマシカラメラーメン, , ,スタミナ,ヘルシー,コッテリ,血圧注意
小ニンニクマシマシヤサイマシマシアブラマシマシラーメン, , ,スタミナ,ヘルシー,コッテリ, 
小ニンニクマシマシヤサイマシマシアブラマシマシカラメラーメン, , ,スタミナ,ヘルシー,コッテリ,血圧注意
小豚ラーメン, ,肉, , , , 
小豚カラメラーメン, ,肉, , , ,血圧注意
小豚アブララーメン, ,肉, , ,コッテリ, 
小豚アブラカラメラーメン, ,肉, , ,コッテリ,血圧注意
小豚アブラマシラーメン, ,肉, , ,コッテリ, 
小豚アブラマシカラメラーメン, ,肉, , ,コッテリ,血圧注意
小豚アブラマシマシラーメン, ,肉, , ,コッテリ, 
小豚アブラマシマシカラメラーメン, ,肉, , ,コッテリ,血圧注意
小豚ヤサイラーメン, ,肉, ,ヘルシー, , 
小豚ヤサイカラメラーメン, ,肉, ,ヘルシー, ,血圧注意
小豚ヤサイアブララーメン, ,肉, ,ヘルシー,コッテリ, 
小豚ヤサイアブラカラメラーメン, ,肉, ,ヘルシー,コッテリ,血圧注意
小豚ヤサイアブラマシラーメン, ,肉, ,ヘルシー,コッテリ, 
小豚ヤサイアブラマシカラメラーメン, ,肉, ,ヘルシー,コッテリ,血圧注意
小豚ヤサイアブラマシマシラーメン, ,肉, ,ヘルシー,コッテリ, 
小豚ヤサイアブラマシマシカラメラーメン, ,肉, ,ヘルシー,コッテリ,血圧注意
小豚ヤサイマシラーメン, ,肉, ,ヘルシー, , 
小豚ヤサイマシカラメラーメン, ,肉, ,ヘルシー, ,血圧注意
小豚ヤサイマシアブララーメン, ,肉, ,ヘルシー,コッテリ, 
小豚ヤサイマシアブラカラメラーメン, ,肉, ,ヘルシー,コッテリ,血圧注意
小豚ヤサイマシアブラマシラーメン, ,肉, ,ヘルシー,コッテリ, 
小豚ヤサイマシアブラマシカラメラーメン, ,肉, ,ヘルシー,コッテリ,血圧注意
小豚ヤサイマシアブラマシマシラーメン, ,肉, ,ヘルシー,コッテリ, 
小豚ヤサイマシアブラマシマシカラメラーメン, ,肉, ,ヘルシー,コッテリ,血圧注意
小豚ヤサイマシマシラーメン, ,肉, ,ヘルシー, , 
小豚ヤサイマシマシカラメラーメン, ,肉, ,ヘルシー, ,血圧注意
小豚ヤサイマシマシアブララーメン, ,肉, ,ヘルシー,コッテリ, 
小豚ヤサイマシマシアブラカラメラーメン, ,肉, ,ヘルシー,コッテリ,血圧注意
小豚ヤサイマシマシアブラマシラーメン, ,肉, ,ヘルシー,コッテリ, 
小豚ヤサイマシマシアブラマシカラメラーメン, ,肉, ,ヘルシー,コッテリ,血圧注意
小豚ヤサイマシマシアブラマシマシラーメン, ,肉, ,ヘルシー,コッテリ, 
小豚ヤサイマシマシアブラマシマシカラメラーメン, ,肉, ,ヘルシー,コッテリ,血圧注意
小豚ニンニクラーメン, ,肉,スタミナ, , , 
小豚ニンニクカラメラーメン, ,肉,スタミナ, , ,血圧注意
小豚ニンニクアブララーメン, ,肉,スタミナ, ,コッテリ, 
小豚ニンニクアブラカラメラーメン, ,肉,スタミナ, ,コッテリ,血圧注意
小豚ニンニクアブラマシラーメン, ,肉,スタミナ, ,コッテリ, 
小豚ニンニクアブラマシカラメラーメン, ,肉,スタミナ, ,コッテリ,血圧注意
小豚ニンニクアブラマシマシラーメン, ,肉,スタミナ, ,コッテリ, 
小豚ニンニクアブラマシマシカラメラーメン, ,肉,スタミナ, ,コッテリ,血圧注意
小豚ニンニクヤサイラーメン, ,肉,スタミナ,ヘルシー, , 
小豚ニンニクヤサイカラメラーメン, ,肉,スタミナ,ヘルシー, ,血圧注意
小豚ニンニクヤサイアブララーメン, ,肉,スタミナ,ヘルシー,コッテリ, 
小豚ニンニクヤサイアブラカラメラーメン, ,肉,スタミナ,ヘルシー,コッテリ,血圧注意
小豚ニンニクヤサイアブラマシラーメン, ,肉,スタミナ,ヘルシー,コッテリ, 
小豚ニンニクヤサイアブラマシカラメラーメン, ,肉,スタミナ,ヘルシー,コッテリ,血圧注意
小豚ニンニクヤサイアブラマシマシラーメン, ,肉,スタミナ,ヘルシー,コッテリ, 
小豚ニンニクヤサイアブラマシマシカラメラーメン, ,肉,スタミナ,ヘルシー,コッテリ,血圧注意
小豚ニンニクヤサイマシラーメン, ,肉,スタミナ,ヘルシー, , 
小豚ニンニクヤサイマシカラメラーメン, ,肉,スタミナ,ヘルシー, ,血圧注意
小豚ニンニクヤサイマシアブララーメン, ,肉,スタミナ,ヘルシー,コッテリ, 
小豚ニンニクヤサイマシアブラカラメラーメン, ,肉,スタミナ,ヘルシー,コッテリ,血圧注意
小豚ニンニクヤサイマシアブラマシラーメン, ,肉,スタミナ,ヘルシー,コッテリ, 
小豚ニンニクヤサイマシアブラマシカラメラーメン, ,肉,スタミナ,ヘルシー,コッテリ,血圧注意
小豚ニンニクヤサイマシアブラマシマシラーメン, ,肉,スタミナ,ヘルシー,コッテリ, 
小豚ニンニクヤサイマシアブラマシマシカラメラーメン, ,肉,スタミナ,ヘルシー,コッテリ,血圧注意
小豚ニンニクヤサイマシマシラーメン, ,肉,スタミナ,ヘルシー, , 
小豚ニンニクヤサイマシマシカラメラーメン, ,肉,スタミナ,ヘルシー, ,血圧注意
小豚ニンニクヤサイマシマシアブララーメン, ,肉,スタミナ,ヘルシー,コッテリ, 
小豚ニンニクヤサイマシマシアブラカラメラーメン, ,肉,スタミナ,ヘルシー,コッテリ,血圧注意
小豚ニンニクヤサイマシマシアブラマシラーメン, ,肉,スタミナ,ヘルシー,コッテリ, 
小豚ニンニクヤサイマシマシアブラマシカラメラーメン, ,肉,スタミナ,ヘルシー,コッテリ,血圧注意
小豚ニンニクヤサイマシマシアブラマシマシラーメン, ,肉,スタミナ,ヘルシー,コッテリ, 
小豚ニンニクヤサイマシマシアブラマシマシカラメラーメン, ,肉,スタミナ,ヘルシー,コッテリ,血圧注意
小豚ニンニクマシラーメン, ,肉,スタミナ, , , 
小豚ニンニクマシカラメラーメン, ,肉,スタミナ, , ,血圧注意
小豚ニンニクマシアブララーメン, ,肉,スタミナ, ,コッテリ, 
小豚ニンニクマシアブラカラメラーメン, ,肉,スタミナ, ,コッテリ,血圧注意
小豚ニンニクマシアブラマシラーメン, ,肉,スタミナ, ,コッテリ, 
小豚ニンニクマシアブラマシカラメラーメン, ,肉,スタミナ, ,コッテリ,血圧注意
小豚ニンニクマシアブラマシマシラーメン, ,肉,スタミナ, ,コッテリ, 
小豚ニンニクマシアブラマシマシカラメラーメン, ,肉,スタミナ, ,コッテリ,血圧注意
小豚ニンニクマシヤサイラーメン, ,肉,スタミナ,ヘルシー, , 
小豚ニンニクマシヤサイカラメラーメン, ,肉,スタミナ,ヘルシー, ,血圧注意
小豚ニンニクマシヤサイアブララーメン, ,肉,スタミナ,ヘルシー,コッテリ, 
小豚ニンニクマシヤサイアブラカラメラーメン, ,肉,スタミナ,ヘルシー,コッテリ,血圧注意
小豚ニンニクマシヤサイアブラマシラーメン, ,肉,スタミナ,ヘルシー,コッテリ, 
小豚ニンニクマシヤサイアブラマシカラメラーメン, ,肉,スタミナ,ヘルシー,コッテリ,血圧注意
小豚ニンニクマシヤサイアブラマシマシラーメン, ,肉,スタミナ,ヘルシー,コッテリ, 
小豚ニンニクマシヤサイアブラマシマシカラメラーメン, ,肉,スタミナ,ヘルシー,コッテリ,血圧注意
小豚ニンニクマシヤサイマシラーメン, ,肉,スタミナ,ヘルシー, , 
小豚ニンニクマシヤサイマシカラメラーメン, ,肉,スタミナ,ヘルシー, ,血圧注意
小豚ニンニクマシヤサイマシアブララーメン, ,肉,スタミナ,ヘルシー,コッテリ, 
小豚ニンニクマシヤサイマシアブラカラメラーメン, ,肉,スタミナ,ヘルシー,コッテリ,血圧注意
小豚ニンニクマシヤサイマシアブラマシラーメン, ,肉,スタミナ,ヘルシー,コッテリ, 
小豚ニンニクマシヤサイマシアブラマシカラメラーメン, ,肉,スタミナ,ヘルシー,コッテリ,血圧注意
小豚ニンニクマシヤサイマシアブラマシマシラーメン, ,肉,スタミナ,ヘルシー,コッテリ, 
小豚ニンニクマシヤサイマシアブラマシマシカラメラーメン, ,肉,スタミナ,ヘルシー,コッテリ,血圧注意
小豚ニンニクマシヤサイマシマシラーメン, ,肉,スタミナ,ヘルシー, , 
小豚ニンニクマシヤサイマシマシカラメラーメン, ,肉,スタミナ,ヘルシー, ,血圧注意
小豚ニンニクマシヤサイマシマシアブララーメン, ,肉,スタミナ,ヘルシー,コッテリ, 
小豚ニンニクマシヤサイマシマシアブラカラメラーメン, ,肉,スタミナ,ヘルシー,コッテリ,血圧注意
小豚ニンニクマシヤサイマシマシアブラマシラーメン, ,肉,スタミナ,ヘルシー,コッテリ, 
小豚ニンニクマシヤサイマシマシアブラマシカラメラーメン, ,肉,スタミナ,ヘルシー,コッテリ,血圧注意
小豚ニンニクマシヤサイマシマシアブラマシマシラーメン, ,肉,スタミナ,ヘルシー,コッテリ, 
小豚ニンニクマシヤサイマシマシアブラマシマシカラメラーメン, ,肉,スタミナ,ヘルシー,コッテリ,血圧注意
小豚ニンニクマシマシラーメン, ,肉,スタミナ, , , 
小豚ニンニクマシマシカラメラーメン, ,肉,スタミナ, , ,血圧注意
小豚ニンニクマシマシアブララーメン, ,肉,スタミナ, ,コッテリ, 
小豚ニンニクマシマシアブラカラメラーメン, ,肉,スタミナ, ,コッテリ,血圧注意
小豚ニンニクマシマシアブラマシラーメン, ,肉,スタミナ, ,コッテリ, 
小豚ニンニクマシマシアブラマシカラメラーメン, ,肉,スタミナ, ,コッテリ,血圧注意
小豚ニンニクマシマシアブラマシマシラーメン, ,肉,スタミナ, ,コッテリ, 
小豚ニンニクマシマシアブラマシマシカラメラーメン, ,肉,スタミナ, ,コッテリ,血圧注意
小豚ニンニクマシマシヤサイラーメン, ,肉,スタミナ,ヘルシー, , 
小豚ニンニクマシマシヤサイカラメラーメン, ,肉,スタミナ,ヘルシー, ,血圧注意
小豚ニンニクマシマシヤサイアブララーメン, ,肉,スタミナ,ヘルシー,コッテリ, 
小豚ニンニクマシマシヤサイアブラカラメラーメン, ,肉,スタミナ,ヘルシー,コッテリ,血圧注意
小豚ニンニクマシマシヤサイアブラマシラーメン, ,肉,スタミナ,ヘルシー,コッテリ, 
小豚ニンニクマシマシヤサイアブラマシカラメラーメン, ,肉,スタミナ,ヘルシー,コッテリ,血圧注意
小豚ニンニクマシマシヤサイアブラマシマシラーメン, ,肉,スタミナ,ヘルシー,コッテリ, 
小豚ニンニクマシマシヤサイアブラマシマシカラメラーメン, ,肉,スタミナ,ヘルシー,コッテリ,血圧注意
小豚ニンニクマシマシヤサイマシラーメン, ,肉,スタミナ,ヘルシー, , 
小豚ニンニクマシマシヤサイマシカラメラーメン, ,肉,スタミナ,ヘルシー, ,血圧注意
小豚ニンニクマシマシヤサイマシアブララーメン, ,肉,スタミナ,ヘルシー,コッテリ, 
小豚ニンニクマシマシヤサイマシアブラカラメラーメン, ,肉,スタミナ,ヘルシー,コッテリ,血圧注意
小豚ニンニクマシマシヤサイマシアブラマシラーメン, ,肉,スタミナ,ヘルシー,コッテリ, 
小豚ニンニクマシマシヤサイマシアブラマシカラメラーメン, ,肉,スタミナ,ヘルシー,コッテリ,血圧注意
小豚ニンニクマシマシヤサイマシアブラマシマシラーメン, ,肉,スタミナ,ヘルシー,コッテリ, 
小豚ニンニクマシマシヤサイマシアブラマシマシカラメラーメン, ,肉,スタミナ,ヘルシー,コッテリ,血圧注意
小豚ニンニクマシマシヤサイマシマシラーメン, ,肉,スタミナ,ヘルシー, , 
小豚ニンニクマシマシヤサイマシマシカラメラーメン, ,肉,スタミナ,ヘルシー, ,血圧注意
小豚ニンニクマシマシヤサイマシマシアブララーメン, ,肉,スタミナ,ヘルシー,コッテリ, 
小豚ニンニクマシマシヤサイマシマシアブラカラメラーメン, ,肉,スタミナ,ヘルシー,コッテリ,血圧注意
小豚ニンニクマシマシヤサイマシマシアブラマシラーメン, ,肉,スタミナ,ヘルシー,コッテリ, 
小豚ニンニクマシマシヤサイマシマシアブラマシカラメラーメン, ,肉,スタミナ,ヘルシー,コッテリ,血圧注意
小豚ニンニクマシマシヤサイマシマシアブラマシマシラーメン, ,肉,スタミナ,ヘルシー,コッテリ, 
小豚ニンニクマシマシヤサイマシマシアブラマシマシカラメラーメン, ,肉,スタミナ,ヘルシー,コッテリ,血圧注意
大ラーメン,満腹, , , , , 
大カラメラーメン,満腹, , , , ,血圧注意
大アブララーメン,満腹, , , ,コッテリ, 
大アブラカラメラーメン,満腹, , , ,コッテリ,血圧注意
大アブラマシラーメン,満腹, , , ,コッテリ, 
大アブラマシカラメラーメン,満腹, , , ,コッテリ,血圧注意
大アブラマシマシラーメン,満腹, , , ,コッテリ, 
大アブラマシマシカラメラーメン,満腹, , , ,コッテリ,血圧注意
大ヤサイラーメン,満腹, , ,ヘルシー, , 
大ヤサイカラメラーメン,満腹, , ,ヘルシー, ,血圧注意
大ヤサイアブララーメン,満腹, , ,ヘルシー,コッテリ, 
大ヤサイアブラカラメラーメン,満腹, , ,ヘルシー,コッテリ,血圧注意
大ヤサイアブラマシラーメン,満腹, , ,ヘルシー,コッテリ, 
大ヤサイアブラマシカラメラーメン,満腹, , ,ヘルシー,コッテリ,血圧注意
大ヤサイアブラマシマシラーメン,満腹, , ,ヘルシー,コッテリ, 
大ヤサイアブラマシマシカラメラーメン,満腹, , ,ヘルシー,コッテリ,血圧注意
大ヤサイマシラーメン,満腹, , ,ヘルシー, , 
大ヤサイマシカラメラーメン,満腹, , ,ヘルシー, ,血圧注意
大ヤサイマシアブララーメン,満腹, , ,ヘルシー,コッテリ, 
大ヤサイマシアブラカラメラーメン,満腹, , ,ヘルシー,コッテリ,血圧注意
大ヤサイマシアブラマシラーメン,満腹, , ,ヘルシー,コッテリ, 
大ヤサイマシアブラマシカラメラーメン,満腹, , ,ヘルシー,コッテリ,血圧注意
大ヤサイマシアブラマシマシラーメン,満腹, , ,ヘルシー,コッテリ, 
大ヤサイマシアブラマシマシカラメラーメン,満腹, , ,ヘルシー,コッテリ,血圧注意
大ヤサイマシマシラーメン,満腹, , ,ヘルシー, , 
大ヤサイマシマシカラメラーメン,満腹, , ,ヘルシー, ,血圧注意
大ヤサイマシマシアブララーメン,満腹, , ,ヘルシー,コッテリ, 
大ヤサイマシマシアブラカラメラーメン,満腹, , ,ヘルシー,コッテリ,血圧注意
大ヤサイマシマシアブラマシラーメン,満腹, , ,ヘルシー,コッテリ, 
大ヤサイマシマシアブラマシカラメラーメン,満腹, , ,ヘルシー,コッテリ,血圧注意
大ヤサイマシマシアブラマシマシラーメン,満腹, , ,ヘルシー,コッテリ, 
大ヤサイマシマシアブラマシマシカラメラーメン,満腹, , ,ヘルシー,コッテリ,血圧注意
大ニンニクラーメン,満腹, ,スタミナ, , , 
大ニンニクカラメラーメン,満腹, ,スタミナ, , ,血圧注意
大ニンニクアブララーメン,満腹, ,スタミナ, ,コッテリ, 
大ニンニクアブラカラメラーメン,満腹, ,スタミナ, ,コッテリ,血圧注意
大ニンニクアブラマシラーメン,満腹, ,スタミナ, ,コッテリ, 
大ニンニクアブラマシカラメラーメン,満腹, ,スタミナ, ,コッテリ,血圧注意
大ニンニクアブラマシマシラーメン,満腹, ,スタミナ, ,コッテリ, 
大ニンニクアブラマシマシカラメラーメン,満腹, ,スタミナ, ,コッテリ,血圧注意
大ニンニクヤサイラーメン,満腹, ,スタミナ,ヘルシー, , 
大ニンニクヤサイカラメラーメン,満腹, ,スタミナ,ヘルシー, ,血圧注意
大ニンニクヤサイアブララーメン,満腹, ,スタミナ,ヘルシー,コッテリ, 
大ニンニクヤサイアブラカラメラーメン,満腹, ,スタミナ,ヘルシー,コッテリ,血圧注意
大ニンニクヤサイアブラマシラーメン,満腹, ,スタミナ,ヘルシー,コッテリ, 
大ニンニクヤサイアブラマシカラメラーメン,満腹, ,スタミナ,ヘルシー,コッテリ,血圧注意
大ニンニクヤサイアブラマシマシラーメン,満腹, ,スタミナ,ヘルシー,コッテリ, 
大ニンニクヤサイアブラマシマシカラメラーメン,満腹, ,スタミナ,ヘルシー,コッテリ,血圧注意
大ニンニクヤサイマシラーメン,満腹, ,スタミナ,ヘルシー, , 
大ニンニクヤサイマシカラメラーメン,満腹, ,スタミナ,ヘルシー, ,血圧注意
大ニンニクヤサイマシアブララーメン,満腹, ,スタミナ,ヘルシー,コッテリ, 
大ニンニクヤサイマシアブラカラメラーメン,満腹, ,スタミナ,ヘルシー,コッテリ,血圧注意
大ニンニクヤサイマシアブラマシラーメン,満腹, ,スタミナ,ヘルシー,コッテリ, 
大ニンニクヤサイマシアブラマシカラメラーメン,満腹, ,スタミナ,ヘルシー,コッテリ,血圧注意
大ニンニクヤサイマシアブラマシマシラーメン,満腹, ,スタミナ,ヘルシー,コッテリ, 
大ニンニクヤサイマシアブラマシマシカラメラーメン,満腹, ,スタミナ,ヘルシー,コッテリ,血圧注意
大ニンニクヤサイマシマシラーメン,満腹, ,スタミナ,ヘルシー, , 
大ニンニクヤサイマシマシカラメラーメン,満腹, ,スタミナ,ヘルシー, ,血圧注意
大ニンニクヤサイマシマシアブララーメン,満腹, ,スタミナ,ヘルシー,コッテリ, 
大ニンニクヤサイマシマシアブラカラメラーメン,満腹, ,スタミナ,ヘルシー,コッテリ,血圧注意
大ニンニクヤサイマシマシアブラマシラーメン,満腹, ,スタミナ,ヘルシー,コッテリ, 
大ニンニクヤサイマシマシアブラマシカラメラーメン,満腹, ,スタミナ,ヘルシー,コッテリ,血圧注意
大ニンニクヤサイマシマシアブラマシマシラーメン,満腹, ,スタミナ,ヘルシー,コッテリ, 
大ニンニクヤサイマシマシアブラマシマシカラメラーメン,満腹, ,スタミナ,ヘルシー,コッテリ,血圧注意
大ニンニクマシラーメン,満腹, ,スタミナ, , , 
大ニンニクマシカラメラーメン,満腹, ,スタミナ, , ,血圧注意
大ニンニクマシアブララーメン,満腹, ,スタミナ, ,コッテリ, 
大ニンニクマシアブラカラメラーメン,満腹, ,スタミナ, ,コッテリ,血圧注意
大ニンニクマシアブラマシラーメン,満腹, ,スタミナ, ,コッテリ, 
大ニンニクマシアブラマシカラメラーメン,満腹, ,スタミナ, ,コッテリ,血圧注意
大ニンニクマシアブラマシマシラーメン,満腹, ,スタミナ, ,コッテリ, 
大ニンニクマシアブラマシマシカラメラーメン,満腹, ,スタミナ, ,コッテリ,血圧注意
大ニンニクマシヤサイラーメン,満腹, ,スタミナ,ヘルシー, , 
大ニンニクマシヤサイカラメラーメン,満腹, ,スタミナ,ヘルシー, ,血圧注意
大ニンニクマシヤサイアブララーメン,満腹, ,スタミナ,ヘルシー,コッテリ, 
大ニンニクマシヤサイアブラカラメラーメン,満腹, ,スタミナ,ヘルシー,コッテリ,血圧注意
大ニンニクマシヤサイアブラマシラーメン,満腹, ,スタミナ,ヘルシー,コッテリ, 
大ニンニクマシヤサイアブラマシカラメラーメン,満腹, ,スタミナ,ヘルシー,コッテリ,血圧注意
大ニンニクマシヤサイアブラマシマシラーメン,満腹, ,スタミナ,ヘルシー,コッテリ, 
大ニンニクマシヤサイアブラマシマシカラメラーメン,満腹, ,スタミナ,ヘルシー,コッテリ,血圧注意
大ニンニクマシヤサイマシラーメン,満腹, ,スタミナ,ヘルシー, , 
大ニンニクマシヤサイマシカラメラーメン,満腹, ,スタミナ,ヘルシー, ,血圧注意
大ニンニクマシヤサイマシアブララーメン,満腹, ,スタミナ,ヘルシー,コッテリ, 
大ニンニクマシヤサイマシアブラカラメラーメン,満腹, ,スタミナ,ヘルシー,コッテリ,血圧注意
大ニンニクマシヤサイマシアブラマシラーメン,満腹, ,スタミナ,ヘルシー,コッテリ, 
大ニンニクマシヤサイマシアブラマシカラメラーメン,満腹, ,スタミナ,ヘルシー,コッテリ,血圧注意
大ニンニクマシヤサイマシアブラマシマシラーメン,満腹, ,スタミナ,ヘルシー,コッテリ, 
大ニンニクマシヤサイマシアブラマシマシカラメラーメン,満腹, ,スタミナ,ヘルシー,コッテリ,血圧注意
大ニンニクマシヤサイマシマシラーメン,満腹, ,スタミナ,ヘルシー, , 
大ニンニクマシヤサイマシマシカラメラーメン,満腹, ,スタミナ,ヘルシー, ,血圧注意
大ニンニクマシヤサイマシマシアブララーメン,満腹, ,スタミナ,ヘルシー,コッテリ, 
大ニンニクマシヤサイマシマシアブラカラメラーメン,満腹, ,スタミナ,ヘルシー,コッテリ,血圧注意
大ニンニクマシヤサイマシマシアブラマシラーメン,満腹, ,スタミナ,ヘルシー,コッテリ, 
大ニンニクマシヤサイマシマシアブラマシカラメラーメン,満腹, ,スタミナ,ヘルシー,コッテリ,血圧注意
大ニンニクマシヤサイマシマシアブラマシマシラーメン,満腹, ,スタミナ,ヘルシー,コッテリ, 
大ニンニクマシヤサイマシマシアブラマシマシカラメラーメン,満腹, ,スタミナ,ヘルシー,コッテリ,血圧注意
大ニンニクマシマシラーメン,満腹, ,スタミナ, , , 
大ニンニクマシマシカラメラーメン,満腹, ,スタミナ, , ,血圧注意
大ニンニクマシマシアブララーメン,満腹, ,スタミナ, ,コッテリ, 
大ニンニクマシマシアブラカラメラーメン,満腹, ,スタミナ, ,コッテリ,血圧注意
大ニンニクマシマシアブラマシラーメン,満腹, ,スタミナ, ,コッテリ, 
大ニンニクマシマシアブラマシカラメラーメン,満腹, ,スタミナ, ,コッテリ,血圧注意
大ニンニクマシマシアブラマシマシラーメン,満腹, ,スタミナ, ,コッテリ, 
大ニンニクマシマシアブラマシマシカラメラーメン,満腹, ,スタミナ, ,コッテリ,血圧注意
大ニンニクマシマシヤサイラーメン,満腹, ,スタミナ,ヘルシー, , 
大ニンニクマシマシヤサイカラメラーメン,満腹, ,スタミナ,ヘルシー, ,血圧注意
大ニンニクマシマシヤサイアブララーメン,満腹, ,スタミナ,ヘルシー,コッテリ, 
大ニンニクマシマシヤサイアブラカラメラーメン,満腹, ,スタミナ,ヘルシー,コッテリ,血圧注意
大ニンニクマシマシヤサイアブラマシラーメン,満腹, ,スタミナ,ヘルシー,コッテリ, 
大ニンニクマシマシヤサイアブラマシカラメラーメン,満腹, ,スタミナ,ヘルシー,コッテリ,血圧注意
大ニンニクマシマシヤサイアブラマシマシラーメン,満腹, ,スタミナ,ヘルシー,コッテリ, 
大ニンニクマシマシヤサイアブラマシマシカラメラーメン,満腹, ,スタミナ,ヘルシー,コッテリ,血圧注意
大ニンニクマシマシヤサイマシラーメン,満腹, ,スタミナ,ヘルシー, , 
大ニンニクマシマシヤサイマシカラメラーメン,満腹, ,スタミナ,ヘルシー, ,血圧注意
大ニンニクマシマシヤサイマシアブララーメン,満腹, ,スタミナ,ヘルシー,コッテリ, 
大ニンニクマシマシヤサイマシアブラカラメラーメン,満腹, ,スタミナ,ヘルシー,コッテリ,血圧注意
大ニンニクマシマシヤサイマシアブラマシラーメン,満腹, ,スタミナ,ヘルシー,コッテリ, 
大ニンニクマシマシヤサイマシアブラマシカラメラーメン,満腹, ,スタミナ,ヘルシー,コッテリ,血圧注意
大ニンニクマシマシヤサイマシアブラマシマシラーメン,満腹, ,スタミナ,ヘルシー,コッテリ, 
大ニンニクマシマシヤサイマシアブラマシマシカラメラーメン,満腹, ,スタミナ,ヘルシー,コッテリ,血圧注意
大ニンニクマシマシヤサイマシマシラーメン,満腹, ,スタミナ,ヘルシー, , 
大ニンニクマシマシヤサイマシマシカラメラーメン,満腹, ,スタミナ,ヘルシー, ,血圧注意
大ニンニクマシマシヤサイマシマシアブララーメン,満腹, ,スタミナ,ヘルシー,コッテリ, 
大ニンニクマシマシヤサイマシマシアブラカラメラーメン,満腹, ,スタミナ,ヘルシー,コッテリ,血圧注意
大ニンニクマシマシヤサイマシマシアブラマシラーメン,満腹, ,スタミナ,ヘルシー,コッテリ, 
大ニンニクマシマシヤサイマシマシアブラマシカラメラーメン,満腹, ,スタミナ,ヘルシー,コッテリ,血圧注意
大ニンニクマシマシヤサイマシマシアブラマシマシラーメン,満腹, ,スタミナ,ヘルシー,コッテリ, 
大ニンニクマシマシヤサイマシマシアブラマシマシカラメラーメン,満腹, ,スタミナ,ヘルシー,コッテリ,血圧注意
大豚ラーメン,満腹,肉, , , , 
大豚カラメラーメン,満腹,肉, , , ,血圧注意
大豚アブララーメン,満腹,肉, , ,コッテリ, 
大豚アブラカラメラーメン,満腹,肉, , ,コッテリ,血圧注意
大豚アブラマシラーメン,満腹,肉, , ,コッテリ, 
大豚アブラマシカラメラーメン,満腹,肉, , ,コッテリ,血圧注意
大豚アブラマシマシラーメン,満腹,肉, , ,コッテリ, 
大豚アブラマシマシカラメラーメン,満腹,肉, , ,コッテリ,血圧注意
大豚ヤサイラーメン,満腹,肉, ,ヘルシー, , 
大豚ヤサイカラメラーメン,満腹,肉, ,ヘルシー, ,血圧注意
大豚ヤサイアブララーメン,満腹,肉, ,ヘルシー,コッテリ, 
大豚ヤサイアブラカラメラーメン,満腹,肉, ,ヘルシー,コッテリ,血圧注意
大豚ヤサイアブラマシラーメン,満腹,肉, ,ヘルシー,コッテリ, 
大豚ヤサイアブラマシカラメラーメン,満腹,肉, ,ヘルシー,コッテリ,血圧注意
大豚ヤサイアブラマシマシラーメン,満腹,肉, ,ヘルシー,コッテリ, 
大豚ヤサイアブラマシマシカラメラーメン,満腹,肉, ,ヘルシー,コッテリ,血圧注意
大豚ヤサイマシラーメン,満腹,肉, ,ヘルシー, , 
大豚ヤサイマシカラメラーメン,満腹,肉, ,ヘルシー, ,血圧注意
大豚ヤサイマシアブララーメン,満腹,肉, ,ヘルシー,コッテリ, 
大豚ヤサイマシアブラカラメラーメン,満腹,肉, ,ヘルシー,コッテリ,血圧注意
大豚ヤサイマシアブラマシラーメン,満腹,肉, ,ヘルシー,コッテリ, 
大豚ヤサイマシアブラマシカラメラーメン,満腹,肉, ,ヘルシー,コッテリ,血圧注意
大豚ヤサイマシアブラマシマシラーメン,満腹,肉, ,ヘルシー,コッテリ, 
大豚ヤサイマシアブラマシマシカラメラーメン,満腹,肉, ,ヘルシー,コッテリ,血圧注意
大豚ヤサイマシマシラーメン,満腹,肉, ,ヘルシー, , 
大豚ヤサイマシマシカラメラーメン,満腹,肉, ,ヘルシー, ,血圧注意
大豚ヤサイマシマシアブララーメン,満腹,肉, ,ヘルシー,コッテリ, 
大豚ヤサイマシマシアブラカラメラーメン,満腹,肉, ,ヘルシー,コッテリ,血圧注意
大豚ヤサイマシマシアブラマシラーメン,満腹,肉, ,ヘルシー,コッテリ, 
大豚ヤサイマシマシアブラマシカラメラーメン,満腹,肉, ,ヘルシー,コッテリ,血圧注意
大豚ヤサイマシマシアブラマシマシラーメン,満腹,肉, ,ヘルシー,コッテリ, 
大豚ヤサイマシマシアブラマシマシカラメラーメン,満腹,肉, ,ヘルシー,コッテリ,血圧注意
大豚ニンニクラーメン,満腹,肉,スタミナ, , , 
大豚ニンニクカラメラーメン,満腹,肉,スタミナ, , ,血圧注意
大豚ニンニクアブララーメン,満腹,肉,スタミナ, ,コッテリ, 
大豚ニンニクアブラカラメラーメン,満腹,肉,スタミナ, ,コッテリ,血圧注意
大豚ニンニクアブラマシラーメン,満腹,肉,スタミナ, ,コッテリ, 
大豚ニンニクアブラマシカラメラーメン,満腹,肉,スタミナ, ,コッテリ,血圧注意
大豚ニンニクアブラマシマシラーメン,満腹,肉,スタミナ, ,コッテリ, 
大豚ニンニクアブラマシマシカラメラーメン,満腹,肉,スタミナ, ,コッテリ,血圧注意
大豚ニンニクヤサイラーメン,満腹,肉,スタミナ,ヘルシー, , 
大豚ニンニクヤサイカラメラーメン,満腹,肉,スタミナ,ヘルシー, ,血圧注意
大豚ニンニクヤサイアブララーメン,満腹,肉,スタミナ,ヘルシー,コッテリ, 
大豚ニンニクヤサイアブラカラメラーメン,満腹,肉,スタミナ,ヘルシー,コッテリ,血圧注意
大豚ニンニクヤサイアブラマシラーメン,満腹,肉,スタミナ,ヘルシー,コッテリ, 
大豚ニンニクヤサイアブラマシカラメラーメン,満腹,肉,スタミナ,ヘルシー,コッテリ,血圧注意
大豚ニンニクヤサイアブラマシマシラーメン,満腹,肉,スタミナ,ヘルシー,コッテリ, 
大豚ニンニクヤサイアブラマシマシカラメラーメン,満腹,肉,スタミナ,ヘルシー,コッテリ,血圧注意
大豚ニンニクヤサイマシラーメン,満腹,肉,スタミナ,ヘルシー, , 
大豚ニンニクヤサイマシカラメラーメン,満腹,肉,スタミナ,ヘルシー, ,血圧注意
大豚ニンニクヤサイマシアブララーメン,満腹,肉,スタミナ,ヘルシー,コッテリ, 
大豚ニンニクヤサイマシアブラカラメラーメン,満腹,肉,スタミナ,ヘルシー,コッテリ,血圧注意
大豚ニンニクヤサイマシアブラマシラーメン,満腹,肉,スタミナ,ヘルシー,コッテリ, 
大豚ニンニクヤサイマシアブラマシカラメラーメン,満腹,肉,スタミナ,ヘルシー,コッテリ,血圧注意
大豚ニンニクヤサイマシアブラマシマシラーメン,満腹,肉,スタミナ,ヘルシー,コッテリ, 
大豚ニンニクヤサイマシアブラマシマシカラメラーメン,満腹,肉,スタミナ,ヘルシー,コッテリ,血圧注意
大豚ニンニクヤサイマシマシラーメン,満腹,肉,スタミナ,ヘルシー, , 
大豚ニンニクヤサイマシマシカラメラーメン,満腹,肉,スタミナ,ヘルシー, ,血圧注意
大豚ニンニクヤサイマシマシアブララーメン,満腹,肉,スタミナ,ヘルシー,コッテリ, 
大豚ニンニクヤサイマシマシアブラカラメラーメン,満腹,肉,スタミナ,ヘルシー,コッテリ,血圧注意
大豚ニンニクヤサイマシマシアブラマシラーメン,満腹,肉,スタミナ,ヘルシー,コッテリ, 
大豚ニンニクヤサイマシマシアブラマシカラメラーメン,満腹,肉,スタミナ,ヘルシー,コッテリ,血圧注意
大豚ニンニクヤサイマシマシアブラマシマシラーメン,満腹,肉,スタミナ,ヘルシー,コッテリ, 
大豚ニンニクヤサイマシマシアブラマシマシカラメラーメン,満腹,肉,スタミナ,ヘルシー,コッテリ,血圧注意
大豚ニンニクマシラーメン,満腹,肉,スタミナ, , , 
大豚ニンニクマシカラメラーメン,満腹,肉,スタミナ, , ,血圧注意
大豚ニンニクマシアブララーメン,満腹,肉,スタミナ, ,コッテリ, 
大豚ニンニクマシアブラカラメラーメン,満腹,肉,スタミナ, ,コッテリ,血圧注意
大豚ニンニクマシアブラマシラーメン,満腹,肉,スタミナ, ,コッテリ, 
大豚ニンニクマシアブラマシカラメラーメン,満腹,肉,スタミナ, ,コッテリ,血圧注意
大豚ニンニクマシアブラマシマシラーメン,満腹,肉,スタミナ, ,コッテリ, 
大豚ニンニクマシアブラマシマシカラメラーメン,満腹,肉,スタミナ, ,コッテリ,血圧注意
大豚ニンニクマシヤサイラーメン,満腹,肉,スタミナ,ヘルシー, , 
大豚ニンニクマシヤサイカラメラーメン,満腹,肉,スタミナ,ヘルシー, ,血圧注意
大豚ニンニクマシヤサイアブララーメン,満腹,肉,スタミナ,ヘルシー,コッテリ, 
大豚ニンニクマシヤサイアブラカラメラーメン,満腹,肉,スタミナ,ヘルシー,コッテリ,血圧注意
大豚ニンニクマシヤサイアブラマシラーメン,満腹,肉,スタミナ,ヘルシー,コッテリ, 
大豚ニンニクマシヤサイアブラマシカラメラーメン,満腹,肉,スタミナ,ヘルシー,コッテリ,血圧注意
大豚ニンニクマシヤサイアブラマシマシラーメン,満腹,肉,スタミナ,ヘルシー,コッテリ, 
大豚ニンニクマシヤサイアブラマシマシカラメラーメン,満腹,肉,スタミナ,ヘルシー,コッテリ,血圧注意
大豚ニンニクマシヤサイマシラーメン,満腹,肉,スタミナ,ヘルシー, , 
大豚ニンニクマシヤサイマシカラメラーメン,満腹,肉,スタミナ,ヘルシー, ,血圧注意
大豚ニンニクマシヤサイマシアブララーメン,満腹,肉,スタミナ,ヘルシー,コッテリ, 
大豚ニンニクマシヤサイマシアブラカラメラーメン,満腹,肉,スタミナ,ヘルシー,コッテリ,血圧注意
大豚ニンニクマシヤサイマシアブラマシラーメン,満腹,肉,スタミナ,ヘルシー,コッテリ, 
大豚ニンニクマシヤサイマシアブラマシカラメラーメン,満腹,肉,スタミナ,ヘルシー,コッテリ,血圧注意
大豚ニンニクマシヤサイマシアブラマシマシラーメン,満腹,肉,スタミナ,ヘルシー,コッテリ, 
大豚ニンニクマシヤサイマシアブラマシマシカラメラーメン,満腹,肉,スタミナ,ヘルシー,コッテリ,血圧注意
大豚ニンニクマシヤサイマシマシラーメン,満腹,肉,スタミナ,ヘルシー, , 
大豚ニンニクマシヤサイマシマシカラメラーメン,満腹,肉,スタミナ,ヘルシー, ,血圧注意
大豚ニンニクマシヤサイマシマシアブララーメン,満腹,肉,スタミナ,ヘルシー,コッテリ, 
大豚ニンニクマシヤサイマシマシアブラカラメラーメン,満腹,肉,スタミナ,ヘルシー,コッテリ,血圧注意
大豚ニンニクマシヤサイマシマシアブラマシラーメン,満腹,肉,スタミナ,ヘルシー,コッテリ, 
大豚ニンニクマシヤサイマシマシアブラマシカラメラーメン,満腹,肉,スタミナ,ヘルシー,コッテリ,血圧注意
大豚ニンニクマシヤサイマシマシアブラマシマシラーメン,満腹,肉,スタミナ,ヘルシー,コッテリ, 
大豚ニンニクマシヤサイマシマシアブラマシマシカラメラーメン,満腹,肉,スタミナ,ヘルシー,コッテリ,血圧注意
大豚ニンニクマシマシラーメン,満腹,肉,スタミナ, , , 
大豚ニンニクマシマシカラメラーメン,満腹,肉,スタミナ, , ,血圧注意
大豚ニンニクマシマシアブララーメン,満腹,肉,スタミナ, ,コッテリ, 
大豚ニンニクマシマシアブラカラメラーメン,満腹,肉,スタミナ, ,コッテリ,血圧注意
大豚ニンニクマシマシアブラマシラーメン,満腹,肉,スタミナ, ,コッテリ, 
大豚ニンニクマシマシアブラマシカラメラーメン,満腹,肉,スタミナ, ,コッテリ,血圧注意
大豚ニンニクマシマシアブラマシマシラーメン,満腹,肉,スタミナ, ,コッテリ, 
大豚ニンニクマシマシアブラマシマシカラメラーメン,満腹,肉,スタミナ, ,コッテリ,血圧注意
大豚ニンニクマシマシヤサイラーメン,満腹,肉,スタミナ,ヘルシー, , 
大豚ニンニクマシマシヤサイカラメラーメン,満腹,肉,スタミナ,ヘルシー, ,血圧注意
大豚ニンニクマシマシヤサイアブララーメン,満腹,肉,スタミナ,ヘルシー,コッテリ, 
大豚ニンニクマシマシヤサイアブラカラメラーメン,満腹,肉,スタミナ,ヘルシー,コッテリ,血圧注意
大豚ニンニクマシマシヤサイアブラマシラーメン,満腹,肉,スタミナ,ヘルシー,コッテリ, 
大豚ニンニクマシマシヤサイアブラマシカラメラーメン,満腹,肉,スタミナ,ヘルシー,コッテリ,血圧注意
大豚ニンニクマシマシヤサイアブラマシマシラーメン,満腹,肉,スタミナ,ヘルシー,コッテリ, 
大豚ニンニクマシマシヤサイアブラマシマシカラメラーメン,満腹,肉,スタミナ,ヘルシー,コッテリ,血圧注意
大豚ニンニクマシマシヤサイマシラーメン,満腹,肉,スタミナ,ヘルシー, , 
大豚ニンニクマシマシヤサイマシカラメラーメン,満腹,肉,スタミナ,ヘルシー, ,血圧注意
大豚ニンニクマシマシヤサイマシアブララーメン,満腹,肉,スタミナ,ヘルシー,コッテリ, 
大豚ニンニクマシマシヤサイマシアブラカラメラーメン,満腹,肉,スタミナ,ヘルシー,コッテリ,血圧注意
大豚ニンニクマシマシヤサイマシアブラマシラーメン,満腹,肉,スタミナ,ヘルシー,コッテリ, 
大豚ニンニクマシマシヤサイマシアブラマシカラメラーメン,満腹,肉,スタミナ,ヘルシー,コッテリ,血圧注意
大豚ニンニクマシマシヤサイマシアブラマシマシラーメン,満腹,肉,スタミナ,ヘルシー,コッテリ, 
大豚ニンニクマシマシヤサイマシアブラマシマシカラメラーメン,満腹,肉,スタミナ,ヘルシー,コッテリ,血圧注意
大豚ニンニクマシマシヤサイマシマシラーメン,満腹,肉,スタミナ,ヘルシー, , 
大豚ニンニクマシマシヤサイマシマシカラメラーメン,満腹,肉,スタミナ,ヘルシー, ,血圧注意
大豚ニンニクマシマシヤサイマシマシアブララーメン,満腹,肉,スタミナ,ヘルシー,コッテリ, 
大豚ニンニクマシマシヤサイマシマシアブラカラメラーメン,満腹,肉,スタミナ,ヘルシー,コッテリ,血圧注意
大豚ニンニクマシマシヤサイマシマシアブラマシラーメン,満腹,肉,スタミナ,ヘルシー,コッテリ, 
大豚ニンニクマシマシヤサイマシマシアブラマシカラメラーメン,満腹,肉,スタミナ,ヘルシー,コッテリ,血圧注意
大豚ニンニクマシマシヤサイマシマシアブラマシマシラーメン,満腹,肉,スタミナ,ヘルシー,コッテリ, 
大豚ニンニクマシマシヤサイマシマシアブラマシマシカラメラーメン,満腹,肉,スタミナ,ヘルシー,コッテリ,血圧注意